<!DOCTYPE hibernate-configuration PUBLIC
	"-//Hibernate/Hibernate Configuration DTD 3.0//EN"
	"http://www.hibernate.org/dtd/hibernate-configuration-3.0.dtd">

<hibernate-configuration>
	<session-factory>

		<property name="connection.driver_class">com.mysql.jdbc.Driver</property>
		<property name="connection.url">jdbc:mysql://localhost:3307/voting</property>
		<property name="connection.username">root</property>
		<property name="connection.password">12345</property>
		<property name="connection.pool_size">15</property>
		<property name="dialect">org.hibernate.dialect.MySQLDialect</property>
		<property name="hbm2ddl.auto">update</property>
		<property name="show_sql">true</property>
		<property name="format_sql">true</property>
		<mapping resource="resources/vote.hbm.xml" />
		<mapping resource="resources/voter.hbm.xml" />
	</session-factory>
</hibernate-configuration>