<!DOCTYPE hibernate-mapping PUBLIC 
    "-//Hibernate/Hibernate Mapping DTD 3.0//EN"
    "http://www.hibernate.org/dtd/hibernate-mapping-3.0.dtd">
<hibernate-mapping>
    <class name="com.hibernate.demo.OneToOneDemo.model.Vote" table="vote" schema="voting">
     <id name="vtid">
         <generator class="foreign">
             <param name="property">voter</param>
         </generator>
     </id>    
     <property name="pname"/>
     <property name="cdate"/>
     <one-to-one name="voter" class="com.hibernate.demo.OneToOneDemo.model.Vote"/>        
     </class>   
</hibernate-mapping> 