<!DOCTYPE hibernate-configuration PUBLIC
	"-//Hibernate/Hibernate Configuration DTD 3.0//EN"
	"http://www.hibernate.org/dtd/hibernate-configuration-3.0.dtd">

<hibernate-configuration>
	<session-factory>
		<!-- <property name="connection.driver_class">com.mysql.cj.jdbc.Driver</property> -->
		<property name="connection.driver_class">com.mysql.jdbc.Driver</property>
		<property name="connection.url">jdbc:mysql://localhost:3307/studentregistration</property>
		<property name="connection.username">root</property>
		<property name="connection.password">12345</property>
		<property name="connection.pool_size">15</property>
		<property name="dialect">org.hibernate.dialect.MySQLDialect</property>
		<property name="hbm2ddl.auto">update</property>
		<property name="show_sql">true</property>
		<property name="format_sql">true</property>
		<!-- second level -->
        <property name="cache.use_second_level_cache">true</property>
        <property name="cache.region.factory_class">org.hibernate.cache.EhCacheRegionFactory</property>
        <property name="net.sf.ehcache.configurationResourceName">resources/ehcache.xml</property>
		<mapping resource="resources/student.hbm.xml" />
	</session-factory>
</hibernate-configuration>