<?xml version="1.0" encoding="UTF-8"?>
<beans xmlns="http://www.springframework.org/schema/beans"
	xmlns:xsi="http://www.w3.org/2001/XMLSchema-instance"
	xmlns:p="http://www.springframework.org/schema/p"
	xsi:schemaLocation="http://www.springframework.org/schema/beans  
               http://www.springframework.org/schema/beans/spring-beans-3.0.xsd">
	<!-- create Engine -->
	<bean id="e" class="com.demo.model.Engine">
		<constructor-arg value="AudiEngine2015"></constructor-arg>
	</bean>
	<!-- create Car inject engine -->
	<bean id="c1" class="com.demo.model.Car">
		<constructor-arg value="Audi555" name="carName"></constructor-arg>
		<constructor-arg>
			<ref bean="e" />
		</constructor-arg>
	</bean>
	<!-- create Car inject engine -->
	<bean id="c2" class="com.demo.model.Car">
		<constructor-arg value="Audi666" name="carName"></constructor-arg>
		<constructor-arg>
			<ref bean="e" />
		</constructor-arg>
	</bean>
</beans>
	 