<?xml version="1.0" encoding="UTF-8"?>
<beans xmlns="http://www.springframework.org/schema/beans"
	xmlns:xsi="http://www.w3.org/2001/XMLSchema-instance"
	xmlns:p="http://www.springframework.org/schema/p"
	xsi:schemaLocation="http://www.springframework.org/schema/beans   
http://www.springframework.org/schema/beans/spring-beans-3.0.xsd">
<!--  byName Autowiring-->
	<!-- <bean id="employee" class="com.demo.model.EmployeeBean" autowire="byName">
        <property name="fullName" value="Lokesh Gupta"/>
    </bean>
   
    <bean id="departmentBean" class="com.demo.model.DepartmentBean" >
        <property name="name" value="Human Resource" />
    </bean> -->
<!--  byType Autowiring-->
<!-- <bean id="employee" class="com.demo.model.EmployeeBean" autowire="byType">
        <property name="fullName" value="Lokesh Gupta"/> 
    </bean>
  
    <bean id="department" class="com.demo.model.DepartmentBean" >
        <property name="name" value="Human Resource" />
    </bean> -->
    <bean id="employee" class="com.demo.model.EmployeeBean" autowire="constructor">
        <property name="fullName" value="Lokesh Gupta"/> 
    </bean>
  
    <bean id="department" class="com.demo.model.DepartmentBean">
        <property name="name" value="Human Resource" />
    </bean>
</beans>  