<!DOCTYPE hibernate-configuration PUBLIC
	"-//Hibernate/Hibernate Configuration DTD 3.0//EN"
	"http://www.hibernate.org/dtd/hibernate-configuration-3.0.dtd">

<hibernate-configuration>
	<session-factory>
		<!-- <property name="connection.driver_class">com.mysql.cj.jdbc.Driver</property> -->
		<property name="connection.driver_class">com.mysql.jdbc.Driver</property>
		<property name="connection.url">jdbc:mysql://localhost:3307/studentregistration</property>
		<property name="connection.username">root</property>
		<property name="connection.password">12345</property>
		<property name="connection.pool_size">10</property>
		<property name="dialect">org.hibernate.dialect.MySQLDialect</property>
		<property name="show_sql">true</property>
		<mapping resource="resources/student.hbm.xml" />
	</session-factory>
</hibernate-configuration>