<?xml version="1.0" encoding="UTF-8"?>
<beans xmlns="http://www.springframework.org/schema/beans"
	xmlns:xsi="http://www.w3.org/2001/XMLSchema-instance"
	xmlns:p="http://www.springframework.org/schema/p"
	xsi:schemaLocation="http://www.springframework.org/schema/beans  
               http://www.springframework.org/schema/beans/spring-beans-3.0.xsd">
	<!-- create Car inject engine -->
	<bean class="com.demo.model.Car" id="c">
		<property name="carName" value="BMW"></property>
		<property name="engine">
			<bean class="com.demo.model.Engine">
				<property value="BMW123Eng" name="engineName" />
			</bean>
		</property>
	</bean>
</beans>