<?xml version="1.0" encoding="UTF-8"?>
<beans xmlns="http://www.springframework.org/schema/beans"
	xmlns:xsi="http://www.w3.org/2001/XMLSchema-instance"
	xmlns:p="http://www.springframework.org/schema/p"
	xsi:schemaLocation="http://www.springframework.org/schema/beans  
               http://www.springframework.org/schema/beans/spring-beans-3.0.xsd">
	<bean id="collection" class="com.demo.model.BeanCollection">
		<!-- lis fruits -->
		<property name="fruits">
			<list>
				<value>Apple</value>
				<value>Mango</value>
				<value>Kiwi</value>
				<value>Orange</value>
			</list>
		</property>
		<!-- set cricketers -->
		<property name="cricketers">
			<set>
				<value>sachin</value>
				<value>sachin</value>
				<value>dhoni</value>
				<value>sehwag</value>
			</set>
		</property>
		<!-- Map countrycap -->
		<property name="countrycap">
			<map>
				<entry value="delhi" key="India" />
				<entry value="islambad" key="Pakisthan" />
				<entry value="colombo" key="SreeLanka" />
			</map>
		</property>
		<!-- Properties statecap -->
		<property name="statecap">
			<props>
				<prop key="Ts">hyd</prop>
				<prop key="Ka">bng</prop>
				<prop key="Tn">chn</prop>
			</props>
		</property>
	</bean>
</beans>
               