<!DOCTYPE hibernate-mapping PUBLIC 
    "-//Hibernate/Hibernate Mapping DTD 3.0//EN"
    "http://www.hibernate.org/dtd/hibernate-mapping-3.0.dtd">
<hibernate-mapping>
   <class name="com.hibernate.demo.ManyToManyDemo.model.Course" table="course" schema="coursemanagement">
       <id name="cid"/>
       <property name="cname"/>
       <property name="fee"/>    
       <set name="faculties" table="facultycourse">
	     <key column="cid"/>
	     <many-to-many class="com.hibernate.demo.ManyToManyDemo.model.Faculty" column="fid"/>
       </set>
          
   </class>
    
</hibernate-mapping> 