<!DOCTYPE hibernate-mapping PUBLIC 
    "-//Hibernate/Hibernate Mapping DTD 3.0//EN"
    "http://www.hibernate.org/dtd/hibernate-mapping-3.0.dtd">
<hibernate-mapping>
   <class name="com.hibernate.demo.ManyToManyDemo.model.Faculty" table="faculty" schema="coursemanagement">
       <id name="fid"/>
       <property name="fname"/>
       <property name="yearex"/>
       <set name="courses" table="facultycourse">
	     <key column="fid"/>
	     <many-to-many class="com.hibernate.demo.ManyToManyDemo.model.Course" column="cid"/>
      </set>
       
   </class>
      
</hibernate-mapping>
