<?xml version = "1.0" encoding = "UTF-8"?>

<beans xmlns = "http://www.springframework.org/schema/beans"
   xmlns:xsi = "http://www.w3.org/2001/XMLSchema-instance"
   xsi:schemaLocation = "http://www.springframework.org/schema/beans
   http://www.springframework.org/schema/beans/spring-beans-3.0.xsd">

   <bean id = "beanTeamplate" abstract = "true">
      <property name = "message1" value = "Welcome to Java"/>
      <property name = "message2" value = "Welcome to Spring"/>
      <property name = "message3" value = "Welcome to Hibernate"/>
   </bean>

   <bean id = "test" class = "com.demo.model.Test" parent = "beanTeamplate">
      <property name = "message1" value = "Welcome to Java"/>
      <property name = "message3" value = "Welcome to Hibernate"/>
   </bean>
   
</beans>